,Filial ,Código,Descrição,Embalagem,Estoque,Comprador ,Quant.,Validade,Preço c/ST,Status,UF,Custo Médio,Custo Total,Classe,MULTIPLO,VENDAS
,3B,98230,LOMBO CANADENSE PAMPLONA,KG,#ERROR!,#ERROR!,"2,06",13/02/2026,#ERROR!,1,CUIABÁ e VARZEA," 21,992832"," R$  45,31 ",MUITO CRÍTICO,,0
,3B,162828,"PREP SABOR MUSSARELA FAT 2,27KG RF OPERA",KG,#ERROR!,#ERROR!,"173,52",13/02/2026,#ERROR!,1,CUIABÁ e VARZEA," 20,894056"," R$  3.625,54 ",MUITO CRÍTICO,,#ERROR!
,3B,132984,CATCHUP AMERICAN 380G JUNIOR,UN,#ERROR!,#ERROR!,"12,00",13/02/2026,#ERROR!,1,CUIABÁ e VARZEA," 8,73039"," R$  104,76 ",MUITO CRÍTICO,,0
,3B,162822,GUIOZA KOREA SUINO MINI 2X278G CG BIBIGO,PC,#ERROR!,#ERROR!,"29,00",14/02/2026,#ERROR!,2,CUIABÁ e VARZEA," 20,016693"," R$  580,48 ",MUITO CRÍTICO,,0
,3B,118687,QUEIJO MUSSARELA BARRA +-3KG POLENGHI,KG,#ERROR!,#ERROR!,"189,75",14/02/2026,#ERROR!,2,CUIABÁ e VARZEA," 26,304414"," R$  4.991,26 ",MUITO CRÍTICO,,0
,3B,106638,SUINO RABO SALG 13KG RF EXCELENCIA,KG,#ERROR!,#ERROR!,"13,00",14/02/2026,#ERROR!,2,CUIABÁ e VARZEA," 19,296154"," R$  250,85 ",MUITO CRÍTICO,,0
,3B,11298,CREME DE LEITE TP 200G ITAMBE,UN,#ERROR!,#ERROR!,"135,00",14/02/2026,#ERROR!,2,CUIABÁ e VARZEA," 2,394711"," R$  323,29 ",MUITO CRÍTICO,,0
,3B,2169,"PRESUNTO COZ OVAL +-3,3KG RF DALIA",KG,#ERROR!,#ERROR!,"6,62",15/02/2026,#ERROR!,3,CUIABÁ e VARZEA," 13,5594"," R$  89,76 ",MUITO CRÍTICO,,0
,3B,4876,LINGUICA TOSCANA 5KG CG NABRASA PERDIGAO,KG,#ERROR!,#ERROR!,"30,00",15/02/2026,#ERROR!,3,CUIABÁ e VARZEA," 18,288938"," R$  548,67 ",MUITO CRÍTICO,,0
,3B,112708,"CREAM CHEESE BD 3,6KG RF SCALA",UN,#ERROR!,#ERROR!,"1,00",15/02/2026,#ERROR!,3,CUIABÁ e VARZEA," 86,0808"," R$  86,08 ",MUITO CRÍTICO,,0
,3B,106760,"LINGUICA CALABRESA RETA +-4,5KG RF DALIA",KG,#ERROR!,#ERROR!,"23,53",16/02/2026,#ERROR!,4,CUIABÁ e VARZEA," 14,3127"," R$  336,71 ",MUITO CRÍTICO,,0
,3B,159808,"PRESUNTO MIGNONETO +-3,4KG SADIA",KG,#ERROR!,#ERROR!,"6,90",17/02/2026,#ERROR!,5,"CUIABÁ, VARZEA e INTERIOR"," 15,591757"," R$  107,58 ",MUITO CRÍTICO,,0
,3B,91474,MAIONESE SACHE 168X7G HELLMANNS,CX,#ERROR!,#ERROR!,"58,00",17/02/2026,#ERROR!,5,"CUIABÁ, VARZEA e INTERIOR"," 15,911009"," R$  922,84 ",MUITO CRÍTICO,,0
,3B,162108,CATCHUP SACHE 168X7G HELLMANNS,CX,#ERROR!,#ERROR!,"105,00",18/02/2026,#ERROR!,6,"CUIABÁ, VARZEA e INTERIOR"," 16,007384"," R$  1.680,78 ",MUITO CRÍTICO,,0
,3B,134937,FEIJAO CARIOCA PREMIUM T1 1KG FRITZ E FR,UN,#ERROR!,#ERROR!,"70,00",18/02/2026,#ERROR!,6,"CUIABÁ, VARZEA e INTERIOR"," 5,660259"," R$  396,22 ",MUITO CRÍTICO,,0
,3B,134917,ARROZ INTEG 1KG FRITZ E FRIDA,UN,#ERROR!,#ERROR!,"430,00",18/02/2026,#ERROR!,6,"CUIABÁ, VARZEA e INTERIOR"," 4,33558"," R$  1.864,30 ",MUITO CRÍTICO,,0
,3B,112907,"PREP SABOR PRATO FAT 2,73KG RF POLENGHI",KG,#ERROR!,#ERROR!,"60,06",19/02/2026,#ERROR!,7,"CUIABÁ, VARZEA e INTERIOR"," 27,468862"," R$  1.649,78 ",MUITO CRÍTICO,,0
,3B,134493,ARROZ ORIENTAL CURTO 5KG SAISHI,PT,#ERROR!,#ERROR!,"1,00",19/02/2026,#ERROR!,7,"CUIABÁ, VARZEA e INTERIOR"," 38,577179"," R$  38,58 ",MUITO CRÍTICO,,0
,3B,163118,MOLHO CULINARIO CHEDDAR 400G SCHREIBER,UN,#ERROR!,#ERROR!,"115,00",21/02/2026,#ERROR!,9,"CUIABÁ, VARZEA e INTERIOR"," 8,477432"," R$  974,90 ",MUITO CRÍTICO,,0
,3B,156633,PRESUNTO FAT 180G SADIA,UN,#ERROR!,#ERROR!,"16,00",22/02/2026,#ERROR!,10,"CUIABÁ, VARZEA e INTERIOR"," 5,142643"," R$  82,28 ",MUITO CRÍTICO,,0
,3B,110555,FARINHA AMENDOA 1KG NUANCE,UN,#ERROR!,#ERROR!,"10,00",22/02/2026,#ERROR!,10,"CUIABÁ, VARZEA e INTERIOR"," 66,258494"," R$  662,58 ",MUITO CRÍTICO,,0
,3B,95147,MOLHO BARBECUE 330G HEMMER,SQ,#ERROR!,#ERROR!,"30,00",22/02/2026,#ERROR!,10,"CUIABÁ, VARZEA e INTERIOR"," 7,26"," R$  217,80 ",MUITO CRÍTICO,,0
,3B,154208,"BATATA STEAKHOUSE 2,5KG CG LAMB WESTON I",KG,#ERROR!,#ERROR!,"125,00",22/02/2026,#ERROR!,10,"CUIABÁ, VARZEA e INTERIOR"," 10,451178"," R$  1.306,40 ",MUITO CRÍTICO,,0
,3B,153254,EMPANADO FGO RECH PRES/QUEIJO 110G CG SE,UN,#ERROR!,#ERROR!,"50,00",25/02/2026,#ERROR!,13,"CUIABÁ, VARZEA e INTERIOR"," 2,294263"," R$  114,71 ",CRITICO,,0
,3B,157297,PETIT GATEAU CACAU BELGA 4X60G CG CHEF&C,UN,#ERROR!,#ERROR!,"59,00",25/02/2026,#ERROR!,13,"CUIABÁ, VARZEA e INTERIOR"," 8,558575"," R$  504,96 ",CRITICO,,#ERROR!
,3B,157537,BISC BARRINHA GOIABINHA 120X30G BAUD,UN,#ERROR!,#ERROR!,"117,00",25/02/2026,#ERROR!,13,"CUIABÁ, VARZEA e INTERIOR"," 0,827398"," R$  96,81 ",CRITICO,,0
,3B,116129,MANTEIGA S/SAL 5KG RF ITAMBE,KG,#ERROR!,#ERROR!,"70,00",26/02/2026,#ERROR!,14,"CUIABÁ, VARZEA e INTERIOR"," 42,370847"," R$  2.965,96 ",CRITICO,,0
,3B,165414,BV HAMB TRAD ANGUS 50G CG VPJ,KG,#ERROR!,#ERROR!,"27,00",27/02/2026,#ERROR!,15,"CUIABÁ, VARZEA e INTERIOR"," 45,13702"," R$  1.218,70 ",CRITICO,,0
,3B,153350,ARROZ BRANCO 5KG TUCHE,PT,#ERROR!,#ERROR!,"18,00",27/02/2026,#ERROR!,15,"CUIABÁ, VARZEA e INTERIOR"," 19,047645"," R$  342,86 ",CRITICO,,0
,3B,10230,MARGARINA CREMOSA S/SAL 500G QUALY,UN,#ERROR!,#ERROR!,"24,00",28/02/2026,#ERROR!,16,"CUIABÁ, VARZEA e INTERIOR"," 6,59835"," R$  158,36 ",CRITICO,,0
,3B,110014,PRESUNTO COZ FAT 200G RF PERDIGAO,UN,#ERROR!,#ERROR!,"40,00",28/02/2026,#ERROR!,16,"CUIABÁ, VARZEA e INTERIOR"," 5,143021"," R$  205,72 ",CRITICO,,0
,3B,10646,MOLHO PIMENTA HABANERO VD 60ML BRAVO,GF,#ERROR!,#ERROR!,"21,00",28/02/2026,#ERROR!,16,"CUIABÁ, VARZEA e INTERIOR"," 5,527608"," R$  116,08 ",CRITICO,,0
,3B,116583,"MAIONESE POUCH 1,1KG JUNIOR",UN,#ERROR!,#ERROR!,"9,00",28/02/2026,#ERROR!,16,"CUIABÁ, VARZEA e INTERIOR"," 13,302965"," R$  119,73 ",CRITICO,,0
,3B,85911,FARINHA TRIGO 0000 25KG GRAZIELLA,SC,#ERROR!,#ERROR!,"70,00",28/02/2026,#ERROR!,16,"CUIABÁ, VARZEA e INTERIOR"," 79,973964"," R$  5.598,18 ",CRITICO,,0
,3B,84566,FARINHA TRIGO SUP BRANCA ESP 25KG GRAZIE,SC,#ERROR!,#ERROR!,"30,00",28/02/2026,#ERROR!,16,"CUIABÁ, VARZEA e INTERIOR"," 71,472"," R$  2.144,16 ",CRITICO,,0
,3B,134913,ARROZ BRANCO PREMIUM 5KG FRITZ E FRIDA,UN,#ERROR!,#ERROR!,"36,00",28/02/2026,#ERROR!,16,"CUIABÁ, VARZEA e INTERIOR"," 19,12164"," R$  688,38 ",CRITICO,,0
,3B,719,"PRESUNTO COZ OVAL PC +-3,5KG RF SEARA",KG,#ERROR!,#ERROR!,"6,77",01/03/2026,#ERROR!,17,"CUIABÁ, VARZEA e INTERIOR"," 18,322597"," R$  123,99 ",CRITICO,,0
,3B,4221,"LINGUICA CALABRESA DEF CURVA 2,5KG PERDI",KG,#ERROR!,#ERROR!,"10,00",01/03/2026,#ERROR!,17,"CUIABÁ, VARZEA e INTERIOR"," 15,782332"," R$  157,82 ",CRITICO,,0
,3B,118440,"AZEITE OLIVA EXT VRG 0,5% 500ML LT GALLO",UN,#ERROR!,#ERROR!,"19,00",01/03/2026,#ERROR!,17,"CUIABÁ, VARZEA e INTERIOR"," 28,3488"," R$  538,63 ",CRITICO,,0
,3B,134961,PIPOCA PREMIUM 400G FRITZ E FRIDA,UN,#ERROR!,#ERROR!,"5,00",01/03/2026,#ERROR!,17,"CUIABÁ, VARZEA e INTERIOR"," 1,484934"," R$  7,42 ",CRITICO,,#ERROR!
,3B,116967,COGUMELO SHITAKE SECO FAT 500G NUANCE,PT,#ERROR!,#ERROR!,"3,00",01/03/2026,#ERROR!,17,"CUIABÁ, VARZEA e INTERIOR"," 34,842179"," R$  104,53 ",CRITICO,,0
,3B,137166,"MOLHO TOMATE PIZZA POUCH 1,7KG FUGINI",SH,#ERROR!,#ERROR!,"24,00",01/03/2026,#ERROR!,17,"CUIABÁ, VARZEA e INTERIOR"," 7,015105"," R$  168,36 ",CRITICO,,0
,3B,95305,MOSTARDA AMARELA 200G HEMMER,SQ,#ERROR!,#ERROR!,"86,00",01/03/2026,#ERROR!,17,"CUIABÁ, VARZEA e INTERIOR"," 4,8136"," R$  413,97 ",CRITICO,,0
,3B,164059,AVEIA FLOCOS GROSSOS 200G NUANCE,PO,#ERROR!,#ERROR!,"10,00",01/03/2026,#ERROR!,17,"CUIABÁ, VARZEA e INTERIOR"," 3,677847"," R$  36,78 ",CRITICO,,0
,3B,164060,AVEIA FLOCOS GROSSOS 400G NUANCE,PO,#ERROR!,#ERROR!,"188,00",01/03/2026,#ERROR!,17,"CUIABÁ, VARZEA e INTERIOR"," 5,062448"," R$  951,74 ",CRITICO,,0
,3B,474,BACON EXTRA PALETA DALIA,KG,#ERROR!,#ERROR!,"10,87",02/03/2026,#ERROR!,18,"CUIABÁ, VARZEA e INTERIOR"," 18,3861"," R$  199,86 ",CRITICO,,0
,3B,157295,FAROFA MANDIOCA 400G FRITZ E FRIDA,PT,#ERROR!,#ERROR!,"120,00",02/03/2026,#ERROR!,18,"CUIABÁ, VARZEA e INTERIOR"," 2,5608"," R$  307,30 ",CRITICO,,0
,3B,5235,MAIONESE SACHE 190X7G HEMMER,CX,#ERROR!,#ERROR!,"92,00",02/03/2026,#ERROR!,18,"CUIABÁ, VARZEA e INTERIOR"," 14,6168"," R$  1.344,75 ",CRITICO,,0
,3B,4408,"LINGUICA PAIO 2,5KG PERDIGAO",KG,#ERROR!,#ERROR!,"50,00",03/03/2026,#ERROR!,19,"CUIABÁ, VARZEA e INTERIOR"," 21,504483"," R$  1.075,22 ",CRITICO,,0
,3B,164815,PAO HAMB GERGELIM 12X4X60G CG BREAD M,PT,#ERROR!,#ERROR!,"84,00",03/03/2026,#ERROR!,19,"CUIABÁ, VARZEA e INTERIOR"," 6,696"," R$  562,46 ",CRITICO,,0
,3B,164812,PAO HAMB PRIME BUN  12X4X60G CG BREAD M,PT,#ERROR!,#ERROR!,"48,00",03/03/2026,#ERROR!,19,"CUIABÁ, VARZEA e INTERIOR"," 6,9006"," R$  331,23 ",CRITICO,,0
,3B,154501,MAIONESE BAG SALADA 3KG SEARA,UN,#ERROR!,#ERROR!,"10,00",03/03/2026,#ERROR!,19,"CUIABÁ, VARZEA e INTERIOR"," 20,736465"," R$  207,36 ",CRITICO,,0
,3B,3956,CREAM CHEESE TRAD BISNAGA 1KG DANUBIO,UN,#ERROR!,#ERROR!,"1,00",05/03/2026,#ERROR!,21,"CUIABÁ, VARZEA e INTERIOR"," 38,358333"," R$  38,36 ",ATENÇÃO,,0
,3B,234,"LINGUICA CALABRESA RETA 2,5KG SADIA",KG,#ERROR!,#ERROR!,"35,00",06/03/2026,#ERROR!,22,"CUIABÁ, VARZEA e INTERIOR"," 15,520743"," R$  543,23 ",ATENÇÃO,,0
,3B,106033,LOMBO CANADENSE +-1KG RF EXCELENCIA,KG,#ERROR!,#ERROR!,"31,02",06/03/2026,#ERROR!,22,"CUIABÁ, VARZEA e INTERIOR"," 28,852583"," R$  894,86 ",ATENÇÃO,,0
,3B,116098,MANTEIGA EXTRA S/SAL 200G RF ITAMBE,UN,#ERROR!,#ERROR!,"120,00",06/03/2026,#ERROR!,22,"CUIABÁ, VARZEA e INTERIOR"," 8,2808"," R$  993,70 ",ATENÇÃO,,0
,3B,92282,"MAIONESE BD CASEIRA 2,7KG LIZA",BD,#ERROR!,#ERROR!,"29,00",07/03/2026,#ERROR!,23,"CUIABÁ, VARZEA e INTERIOR"," 23,586586"," R$  684,01 ",ATENÇÃO,,0
,3B,121123,COPA FAT 100G RF SADIA,PT,#ERROR!,#ERROR!,"30,00",08/03/2026,#ERROR!,24,"CUIABÁ, VARZEA e INTERIOR"," 7,285192"," R$  218,56 ",ATENÇÃO,,0
,3B,98457,"LINGUICA CALABRESA RETA 2,5KG RF REZENDE",KG,#ERROR!,#ERROR!,"5,00",08/03/2026,#ERROR!,24,"CUIABÁ, VARZEA e INTERIOR"," 14,372895"," R$  71,86 ",ATENÇÃO,,0
,3B,113394,HAMBURGUER BV TRAD 30X120G BRASA,KG,#ERROR!,#ERROR!,"43,20",08/03/2026,#ERROR!,24,"CUIABÁ, VARZEA e INTERIOR"," 12,0063"," R$  518,67 ",ATENÇÃO,,0
,3B,106019,HAMBURGUER BV 60X90G CG SADIA,KG,#ERROR!,#ERROR!,"21,60",09/03/2026,#ERROR!,25,"CUIABÁ, VARZEA e INTERIOR"," 14,100302"," R$  304,57 ",ATENÇÃO,,0
,3B,132552,QUEIJO GORGONZOLA +-170G RF OPERA,KG,#ERROR!,#ERROR!,"6,12",09/03/2026,#ERROR!,25,"CUIABÁ, VARZEA e INTERIOR"," 42,688256"," R$  261,25 ",ATENÇÃO,,0
,3B,110559,AVEIA FLOCOS FINOS 1KG NUANCE,UN,#ERROR!,#ERROR!,"29,00",09/03/2026,#ERROR!,25,"CUIABÁ, VARZEA e INTERIOR"," 5,407884"," R$  156,83 ",ATENÇÃO,,0
,3B,72409,"LINGUICA DEF FINA 2,5KG PERDIGAO",KG,#ERROR!,#ERROR!,"15,00",10/03/2026,#ERROR!,26,"CUIABÁ, VARZEA e INTERIOR"," 16,339356"," R$  245,09 ",ATENÇÃO,,0
,3B,10121,APRESUNTADO RETANG RF PAMPLONA,KG,#ERROR!,#ERROR!,"1,33",10/03/2026,#ERROR!,26,"CUIABÁ, VARZEA e INTERIOR"," 11,770951"," R$  15,62 ",ATENÇÃO,,0
,3B,91209,EMPANADO STEAK FGO 100G CG PERDIGAO,KG,#ERROR!,#ERROR!,"45,00",10/03/2026,#ERROR!,26,"CUIABÁ, VARZEA e INTERIOR"," 10,665666"," R$  479,95 ",ATENÇÃO,,0
,3B,105237,MARGARINA C/SAL 500G RF CLAYBOM,UN,#ERROR!,#ERROR!,"24,00",11/03/2026,#ERROR!,27,"CUIABÁ, VARZEA e INTERIOR"," 4,63605"," R$  111,27 ",ATENÇÃO,,0
,3B,11447,MOLHO FRENCH SACHE 180X18G JUNIOR,CX,#ERROR!,#ERROR!,"2,00",11/03/2026,#ERROR!,27,"CUIABÁ, VARZEA e INTERIOR"," 69,137309"," R$  138,27 ",ATENÇÃO,,0
,3B,134935,FEIJAO BRANCO PREMIUM T1 500G FRITZ I,UN,#ERROR!,#ERROR!,"70,00",11/03/2026,#ERROR!,27,"CUIABÁ, VARZEA e INTERIOR"," 5,815559"," R$  407,09 ",ATENÇÃO,,0
,3B,112965,"REQUEIJAO BISNAGA 1,5KG RF POLENGHI",#N/A,#ERROR!,#ERROR!,"1,00",12/03/2026,#ERROR!,28,"CUIABÁ, VARZEA e INTERIOR"," 43,352297"," R$  43,35 ",ATENÇÃO,,0
,3B,134917,ARROZ INTEG 1KG FRITZ E FRIDA,UN,#ERROR!,#ERROR!,"1728,00",12/03/2026,,28,"CUIABÁ, VARZEA e INTERIOR"," 4,33558"," R$  7.491,88 ",ATENÇÃO,,#ERROR!
,3B,113916,MORTADELA C/PISTACHE FAT 150G RF CERATTI,UN,#ERROR!,#ERROR!,"14,00",13/03/2026,#ERROR!,29,"CUIABÁ, VARZEA e INTERIOR"," 10,480963"," R$  146,73 ",ATENÇÃO,,0
,3B,162781,"LINGUICA CALABRESA RETA 2,5KG RF SADIA",KG,#ERROR!,#ERROR!,"45,00",13/03/2026,#ERROR!,29,"CUIABÁ, VARZEA e INTERIOR"," 17,24241"," R$  775,91 ",ATENÇÃO,,0
,3B,120759,SALSA FLOCOS 250G NUANCE,PT,#ERROR!,#ERROR!,"137,00",13/03/2026,#ERROR!,29,"CUIABÁ, VARZEA e INTERIOR"," 6,770372"," R$  927,54 ",ATENÇÃO,,0
,3B,162319,AVELA S/CASCA 500G NUANCE,PO,#ERROR!,#ERROR!,"12,00",13/03/2026,#ERROR!,29,"CUIABÁ, VARZEA e INTERIOR"," 49,391321"," R$  592,70 ",ATENÇÃO,,0
,3B,1069,"PEITO PERU DEF 2,6KG RF SADIA",KG,#ERROR!,#ERROR!,"33,18",14/03/2026,#ERROR!,30,"CUIABÁ, VARZEA e INTERIOR"," 34,241548"," R$  1.136,13 ",ATENÇÃO,,0
,3B,137398,MARGARINA C/SAL 500G RF DELICIA,UN,#ERROR!,#ERROR!,"222,00",14/03/2026,#ERROR!,30,"CUIABÁ, VARZEA e INTERIOR"," 5,268446"," R$  1.169,60 ",ATENÇÃO,,0
,3B,92160,"MAIONESE CASEIRA POUCH 1,1KG JUNIOR",UN,#ERROR!,#ERROR!,"75,00",14/03/2026,#ERROR!,30,"CUIABÁ, VARZEA e INTERIOR"," 27,759297"," R$  2.081,95 ",ATENÇÃO,,0
,3B,4222,"PRESUNTO COZ OVAL PC +-3,4KG RF PERDIGAO",KG,#ERROR!,#ERROR!,"6,45",16/03/2026,#ERROR!,32,"CUIABÁ, VARZEA e INTERIOR"," 18,397521"," R$  118,66 ",ATENÇÃO,,0
,3B,116101,TRIGO PARA KIBE 25KG ROMARIZ,SC,#ERROR!,#ERROR!,"3,00",16/03/2026,#ERROR!,32,"CUIABÁ, VARZEA e INTERIOR"," 124,104912"," R$  372,31 ",ATENÇÃO,,0
,3B,118307,FARINHA ARROZ 500G NUANCE,PT,#ERROR!,#ERROR!,"10,00",17/03/2026,#ERROR!,33,"CUIABÁ, VARZEA e INTERIOR"," 5,311121"," R$  53,11 ",ATENÇÃO,,0
,3B,160037,FARINHA ROSCA 5KG NUANCE,PT,#ERROR!,#ERROR!,"70,00",17/03/2026,#ERROR!,33,"CUIABÁ, VARZEA e INTERIOR"," 29,544455"," R$  2.068,11 ",ATENÇÃO,,0
,3B,133640,LEITE CONDENSADO 5KG CEMIL,BG,#ERROR!,#ERROR!,"112,00",17/03/2026,#ERROR!,33,"CUIABÁ, VARZEA e INTERIOR"," 50,992969"," R$  5.711,21 ",ATENÇÃO,,0
,3B,87218,MARGARINA CREMOSA C/SAL 1KG RF CLAYBOM,UN,#ERROR!,#ERROR!,"9,00",18/03/2026,#ERROR!,34,"CUIABÁ, VARZEA e INTERIOR"," 8,9001"," R$  80,10 ",ATENÇÃO,,0
,3B,106441,"LINGUICA CALABRESA CURVA 2,5KG EXCELENCI",KG,#ERROR!,#ERROR!,"25,00",18/03/2026,#ERROR!,34,"CUIABÁ, VARZEA e INTERIOR"," 15,281347"," R$  382,03 ",ATENÇÃO,,0
,3B,98461,"APRESUNTADO RETANG +-3,5KG RF REZENDE",KG,#ERROR!,#ERROR!,"3,18",19/03/2026,#ERROR!,35,"CUIABÁ, VARZEA e INTERIOR"," 12,315336"," R$  39,16 ",ATENÇÃO,,0
,3B,895,"PEITO PERU DEF +-2,4KG RF SEARA",KG,#ERROR!,#ERROR!,"42,68",19/03/2026,#ERROR!,35,"CUIABÁ, VARZEA e INTERIOR"," 34,655832"," R$  1.479,11 ",ATENÇÃO,,0
,3B,1942,LINGUICA P/CHURRASCO 5KG CG REZENDE,KG,#ERROR!,#ERROR!,"40,00",19/03/2026,#ERROR!,35,"CUIABÁ, VARZEA e INTERIOR"," 11,891608"," R$  475,66 ",ATENÇÃO,,0
,3B,120685,ALHO FRITO 500G NUANCE,PT,#ERROR!,#ERROR!,"68,00",19/03/2026,#ERROR!,35,"CUIABÁ, VARZEA e INTERIOR"," 12,818128"," R$  871,63 ",ATENÇÃO,,0
,3B,137165,SUINO KIT FEIJOADA 1KG SAUDALI,KG,#ERROR!,#ERROR!,"20,00",19/03/2026,#ERROR!,35,"CUIABÁ, VARZEA e INTERIOR"," 15,66038"," R$  313,21 ",ATENÇÃO,,0
,3B,136062,MELHORADOR P/PANIFICACAO 500G STAR BAKE,UN,#ERROR!,#ERROR!,"40,00",20/03/2026,#ERROR!,36,"CUIABÁ, VARZEA e INTERIOR"," 5,799578"," R$  231,98 ",ATENÇÃO,,0
,3B,11449,MOLHO CAESAR SALADA SACHE 180X18G JUNIOR,CX,#ERROR!,#ERROR!,"2,00",21/03/2026,#ERROR!,37,"CUIABÁ, VARZEA e INTERIOR"," 66,269945"," R$  132,54 ",ATENÇÃO,,0
,3B,4384,BACON FAT DEF 750G SADIA,KG,#ERROR!,#ERROR!,"2,25",22/03/2026,#ERROR!,38,"CUIABÁ, VARZEA e INTERIOR"," 25,406384"," R$  57,16 ",ATENÇÃO,,0
,3B,157964,"CHEDDAR CREMOSO 1,5KG RF CHEF E CO",UN,#ERROR!,#ERROR!,"16,00",22/03/2026,#ERROR!,38,"CUIABÁ, VARZEA e INTERIOR"," 33,825664"," R$  541,21 ",ATENÇÃO,,0
,3B,123471,ALHO TRITURADO S/SAL 2KG COOPER FOODS,BD,#ERROR!,#ERROR!,"30,00",22/03/2026,#ERROR!,38,"CUIABÁ, VARZEA e INTERIOR"," 18,55656"," R$  556,70 ",ATENÇÃO,,0
,3B,132781,COGUMELO SECO FUNGHI 500G NUANCE,PT,#ERROR!,#ERROR!,"77,00",23/03/2026,#ERROR!,39,"CUIABÁ, VARZEA e INTERIOR"," 34,995909"," R$  2.694,68 ",ATENÇÃO,,0
,3B,92164,"MOLHO CAESAR POUCH 1,1KG JUNIOR",UN,#ERROR!,#ERROR!,"26,00",23/03/2026,#ERROR!,39,"CUIABÁ, VARZEA e INTERIOR"," 20,698597"," R$  538,16 ",ATENÇÃO,,0
,3B,154200,"BATATA 10MM 2,5KG CG RAPIPAP LAMB WEST I",KG,#ERROR!,#ERROR!,"3225,00",23/03/2026,#ERROR!,39,"CUIABÁ, VARZEA e INTERIOR"," 7,879513"," R$  25.411,43 ",ATENÇÃO,,0
,3B,106688,BACON MANTA +-18K DALIA,KG,#ERROR!,#ERROR!,"7,07",25/03/2026,#ERROR!,41,"CUIABÁ, VARZEA e INTERIOR"," 19,4184"," R$  137,27 ",ATENÇÃO,,0
,3B,106715,LINGUICA TOSCANA 5KG EXCELENCIA,KG,#ERROR!,#ERROR!,"50,00",25/03/2026,#ERROR!,41,"CUIABÁ, VARZEA e INTERIOR"," 13,27566"," R$  663,78 ",ATENÇÃO,,#ERROR!
,3B,159606,"MAIONESE ALHONESE 1,1KG JUNIOR",UN,#ERROR!,#ERROR!,"2,00",25/03/2026,#ERROR!,41,"CUIABÁ, VARZEA e INTERIOR"," 24,502603"," R$  49,01 ",ATENÇÃO,,0
,3B,92130,"MOLHO CHIPOTLE POUCH 1,1KG JUNIOR",UN,#ERROR!,#ERROR!,"3,00",26/03/2026,#ERROR!,42,"CUIABÁ, VARZEA e INTERIOR"," 26,3111"," R$  78,93 ",ATENÇÃO,,0
,3B,115917,"MAIONESE TEMP POUCH 1,1KG JUNIOR",UN,#ERROR!,#ERROR!,"10,00",26/03/2026,#ERROR!,42,"CUIABÁ, VARZEA e INTERIOR"," 25,463828"," R$  254,64 ",ATENÇÃO,,0
,3B,88912,FARINHA TRIGO TP1 25KG SUPREMA,#N/A,#ERROR!,#ERROR!,"1,00",27/03/2026,#ERROR!,43,"CUIABÁ, VARZEA e INTERIOR"," 80,165394"," R$  80,17 ",ATENÇÃO,,0
,3B,159009,CREME DE AVELA 350G FRITZ E FRIDA,UN,#ERROR!,#ERROR!,"27,00",27/03/2026,#ERROR!,43,"CUIABÁ, VARZEA e INTERIOR"," 12,452846"," R$  336,23 ",ATENÇÃO,,0
,3B,117747,CHANTILLY SPRAY 250G RF POLENGHI,UN,#ERROR!,#ERROR!,"75,00",27/03/2026,#ERROR!,43,"CUIABÁ, VARZEA e INTERIOR"," 17,553228"," R$  1.316,49 ",ATENÇÃO,,0
,3B,88984,QUEIJO MUSSARELA BUFALA BAR +-4G RF YEMA,KG,#ERROR!,#ERROR!,"44,80",28/03/2026,#ERROR!,44,"CUIABÁ, VARZEA e INTERIOR"," 37,2"," R$  1.666,56 ",ATENÇÃO,,#ERROR!
,3B,10965,FARINHA TRIGO TP1 5KG PASTEL SUPREMA,PT,#ERROR!,#ERROR!,"4,00",28/03/2026,#ERROR!,44,"CUIABÁ, VARZEA e INTERIOR"," 20,250944"," R$  81,00 ",ATENÇÃO,,0
,3B,153727,BV CHARQUE DIANTEIRO 500G TUCHE,UN,#ERROR!,#ERROR!,"29,00",28/03/2026,#ERROR!,44,"CUIABÁ, VARZEA e INTERIOR"," 17,477129"," R$  506,84 ",ATENÇÃO,,0
,3B,156026,"GORDURA VEGETAL 14,5KG SUPREMA",BD,#ERROR!,#ERROR!,"48,00",28/03/2026,#ERROR!,44,"CUIABÁ, VARZEA e INTERIOR"," 147,74092"," R$  7.091,56 ",ATENÇÃO,,0
,3B,4009,"LINGUICA CALABRESA CURVA PCT 2,5KG SEARA",KG,#ERROR!,#ERROR!,"12,50",29/03/2026,#ERROR!,45,"CUIABÁ, VARZEA e INTERIOR"," 15,157791"," R$  189,47 ",ATENÇÃO,,0
,3B,123802,LOMBO TIPO CANADENSE +-1KG RF CERATTI,KG,#ERROR!,#ERROR!,"5,84",29/03/2026,#ERROR!,45,"CUIABÁ, VARZEA e INTERIOR"," 30,662016"," R$  179,10 ",ATENÇÃO,,0
,3B,5462,"LINGUICA CALABRESA DEF CURVA 4,5KG PERDI",KG,#ERROR!,#ERROR!,"27,00",29/03/2026,#ERROR!,45,"CUIABÁ, VARZEA e INTERIOR"," 15,782332"," R$  426,12 ",ATENÇÃO,,0
,3B,297,BACON MANTA RF REZENDE,KG,#ERROR!,#ERROR!,"4,53",29/03/2026,#ERROR!,45,"CUIABÁ, VARZEA e INTERIOR"," 20,317455"," R$  92,04 ",ATENÇÃO,,0
,3B,160423,TEMP PIPOCA CEB/ALHO/SALSA 80G FRITZ,UN,#ERROR!,#ERROR!,"12,00",29/03/2026,#ERROR!,45,"CUIABÁ, VARZEA e INTERIOR"," 4,6816"," R$  56,18 ",ATENÇÃO,,0
,3B,116914,TAPIOCA GRANULADA 1KG NUANCE,PT,#ERROR!,#ERROR!,"9,00",29/03/2026,#ERROR!,45,"CUIABÁ, VARZEA e INTERIOR"," 8,983186"," R$  80,85 ",ATENÇÃO,,0
,3B,160422,TEMP PIPOCA PIZZA 80G FRITZ E FRIDA,UN,#ERROR!,#ERROR!,"12,00",29/03/2026,#ERROR!,45,"CUIABÁ, VARZEA e INTERIOR"," 3,1944"," R$  38,33 ",ATENÇÃO,,0
,3B,160438,TEMP PIPOCA PIMENTA SUAVE 80G FRITZ E FR,UN,#ERROR!,#ERROR!,"12,00",29/03/2026,#ERROR!,45,"CUIABÁ, VARZEA e INTERIOR"," 1,4787"," R$  17,74 ",ATENÇÃO,,0
,3B,116641,GUIOZA C/RECH SUINO 10X24G KG LONG WA,BJ,#ERROR!,#ERROR!,"7,00",30/03/2026,#ERROR!,46,"CUIABÁ, VARZEA e INTERIOR"," 8,5467"," R$  59,83 ",ATENÇÃO,,0
,3B,159022,MAIONESE SACHE 144X7G HEINZ,CX,#ERROR!,#ERROR!,"353,00",30/03/2026,#ERROR!,46,"CUIABÁ, VARZEA e INTERIOR"," 16,616683"," R$  5.865,69 ",ATENÇÃO,,0
,3B,137166,"MOLHO TOMATE PIZZA POUCH 1,7KG FUGINI",SH,#ERROR!,#ERROR!,"78,00",30/03/2026,,46,"CUIABÁ, VARZEA e INTERIOR"," 7,015105"," R$  547,18 ",ATENÇÃO,,#ERROR!
,3B,135866,MISTURA BOLO BAUNIL 400G FRITZ E FRIDA,PT,#ERROR!,#ERROR!,"21,00",30/03/2026,#ERROR!,46,"CUIABÁ, VARZEA e INTERIOR"," 2,926259"," R$  61,45 ",ATENÇÃO,,0
,3B,155737,PUDIM BAUNILHA S/LEITE 50G FRITZ E FRIDA,UN,#ERROR!,#ERROR!,"36,00",30/03/2026,#ERROR!,46,"CUIABÁ, VARZEA e INTERIOR"," 0,9768"," R$  35,16 ",ATENÇÃO,,0
,3B,4428,"APRESUNTADO RETANG +-3,5KG RF SEARA",KG,#ERROR!,#ERROR!,"60,72",31/03/2026,#ERROR!,47,"CUIABÁ, VARZEA e INTERIOR"," 13,697049"," R$  831,68 ",ATENÇÃO,,0
,3B,136578,QUEIJO MUSSARELA +-4KG RF CHEF&CO,KG,#ERROR!,#ERROR!,"1097,65",31/03/2026,#ERROR!,47,"CUIABÁ, VARZEA e INTERIOR"," 21,434284"," R$  23.527,34 ",ATENÇÃO,,0
,3B,136578,QUEIJO MUSSARELA +-4KG RF CHEF&CO,KG,#ERROR!,#ERROR!,"1097,65",31/03/2026,#ERROR!,47,"CUIABÁ, VARZEA e INTERIOR"," 21,434284"," R$  23.527,34 ",ATENÇÃO,,0
,3B,113390,HAMBURGUER BV PICANHA 36X56G BRASA,KG,#ERROR!,#ERROR!,"12,10",01/04/2026,#ERROR!,48,"CUIABÁ, VARZEA e INTERIOR"," 12,0435"," R$  145,68 ",ATENÇÃO,,0
,3B,692,COB P/PIZZA SABOR MUSSARELA 2KG MOZZANA,KG,#ERROR!,#ERROR!,"374,00",01/04/2026,#ERROR!,48,"CUIABÁ, VARZEA e INTERIOR"," 17,216594"," R$  6.439,01 ",ATENÇÃO,,0
,3B,120764,TEMP PAPRICA PICANTE 250G NUANCE,PT,#ERROR!,#ERROR!,"99,00",01/04/2026,#ERROR!,48,"CUIABÁ, VARZEA e INTERIOR"," 4,497246"," R$  445,23 ",ATENÇÃO,,0
,3B,92121,MOLHO PIMENTA C/AZEITE VD 50ML GALLO,GF,#ERROR!,#ERROR!,"12,00",01/04/2026,#ERROR!,48,"CUIABÁ, VARZEA e INTERIOR"," 8,7648"," R$  105,18 ",ATENÇÃO,,0
,3B,5239,MOLHO BARBECUE 1KG HEMMER,UN,#ERROR!,#ERROR!,"21,00",01/04/2026,#ERROR!,48,"CUIABÁ, VARZEA e INTERIOR"," 12,6544"," R$  265,74 ",ATENÇÃO,,0
,3B,162325,CASTANHA PARA INT 250G NUANCE,PO,#ERROR!,#ERROR!,"12,00",01/04/2026,#ERROR!,48,"CUIABÁ, VARZEA e INTERIOR"," 36,414509"," R$  436,97 ",ATENÇÃO,,0
,3B,162316,DAMASCO SECO TURCO 300G NUANCE,PO,#ERROR!,#ERROR!,"2,00",01/04/2026,#ERROR!,48,"CUIABÁ, VARZEA e INTERIOR"," 20,2647"," R$  40,53 ",ATENÇÃO,,0
,3B,158734,"QUEIJO MUSSARELA +-3,5KG RF CHEF&CO I",KG,#ERROR!,#ERROR!,"17,52",02/04/2026,#ERROR!,49,"CUIABÁ, VARZEA e INTERIOR"," 32,041693"," R$  561,37 ",ATENÇÃO,,0
,3B,162312,PISTACHE CRU S/CASCA 250G NUANCE,PO,#ERROR!,#ERROR!,"16,00",02/04/2026,#ERROR!,49,"CUIABÁ, VARZEA e INTERIOR"," 49,260793"," R$  788,17 ",ATENÇÃO,,0
,3B,95364,OLEO SOJA 18L BAG VILA VELHA,#N/A,#ERROR!,#ERROR!,"1,00",02/04/2026,#ERROR!,49,"CUIABÁ, VARZEA e INTERIOR"," 135,493312"," R$  135,49 ",ATENÇÃO,,0
,3B,90746,SALAME INT +-700G PERDIGAO,KG,#ERROR!,#ERROR!,"7,32",03/04/2026,#ERROR!,50,"CUIABÁ, VARZEA e INTERIOR"," 39,996247"," R$  292,77 ",ATENÇÃO,,0
,3B,105095,EMP STEAK FGO 100G CG SEARA,UN,#ERROR!,#ERROR!,"144,00",03/04/2026,#ERROR!,50,"CUIABÁ, VARZEA e INTERIOR"," 1,051263"," R$  151,38 ",ATENÇÃO,,0
,3B,159436,PAO HAMB TRAD 4X75G ARO 11 CG FAZ E FORN,PT,#ERROR!,#ERROR!,"40,00",03/04/2026,#ERROR!,50,"CUIABÁ, VARZEA e INTERIOR"," 4,338032"," R$  173,52 ",ATENÇÃO,,0
,3B,154767,LEITE COND SEMI DESN 6% 5KG PIRACANJUBA,BG,#ERROR!,#ERROR!,"208,00",03/04/2026,#ERROR!,50,"CUIABÁ, VARZEA e INTERIOR"," 48,739556"," R$  10.137,83 ",ATENÇÃO,,0
,3B,157361,PETIT GATEAU CHOC 2X6X90G CG CHEF&CO,UN,#ERROR!,#ERROR!,"36,00",04/04/2026,#ERROR!,51,"CUIABÁ, VARZEA e INTERIOR"," 3,3759"," R$  121,53 ",ATENÇÃO,,0
,3B,105141,ISCAS TILAPIA EMPANADA 300G CG COPACOL,PT,#ERROR!,#ERROR!,"50,00",04/04/2026,#ERROR!,51,"CUIABÁ, VARZEA e INTERIOR"," 12,524589"," R$  626,23 ",ATENÇÃO,,0
,3B,160037,FARINHA ROSCA 5KG NUANCE,PT,#ERROR!,#ERROR!,"32,00",04/04/2026,,51,"CUIABÁ, VARZEA e INTERIOR"," 29,544455"," R$  945,42 ",ATENÇÃO,,0
,3B,137403,MARGARINA C/SAL 1KG RF DELICIA,UN,#ERROR!,#ERROR!,"67,00",05/04/2026,#ERROR!,52,"CUIABÁ, VARZEA e INTERIOR"," 9,523196"," R$  638,05 ",ATENÇÃO,,0
,3B,105687,LINGUICA SUINA 5KG CG FRIMESA,KG,#ERROR!,#ERROR!,"30,00",05/04/2026,#ERROR!,52,"CUIABÁ, VARZEA e INTERIOR"," 10,3416"," R$  310,25 ",ATENÇÃO,,0
,3B,162435,GUIOZA KOREA CAMARÃO 315G CG BIBIGO,PT,#ERROR!,#ERROR!,"186,00",06/04/2026,#ERROR!,53,"CUIABÁ, VARZEA e INTERIOR"," 12,808775"," R$  2.382,43 ",ATENÇÃO,,0
,3B,134081,QUEIJO MUSSARELA FAT IF 4KG CHEF&CO,KG,#ERROR!,#ERROR!,"0,00",06/04/2026,#ERROR!,53,"CUIABÁ, VARZEA e INTERIOR"," 24,18"," R$  0,05 ",ATENÇÃO,,0
,3B,134227,QUEIJO PRATO FAT IF 3KG CHEF&CO,KG,#ERROR!,#ERROR!,"186,00",06/04/2026,#ERROR!,53,"CUIABÁ, VARZEA e INTERIOR"," 26,102"," R$  4.854,97 ",ATENÇÃO,,0
,3B,92126,"MAIONESE GRILL DEF POUCH 1,1KG JUNIOR",UN,#ERROR!,#ERROR!,"164,00",06/04/2026,#ERROR!,53,"CUIABÁ, VARZEA e INTERIOR"," 23,585296"," R$  3.867,99 ",ATENÇÃO,,0
,3B,73754,BACON EM PEDACOS +-20KG CG EXCELENCIA,KG,#ERROR!,#ERROR!,"30,37",07/04/2026,#ERROR!,54,"CUIABÁ, VARZEA e INTERIOR"," 19,065186"," R$  578,93 ",ATENÇÃO,,0
,3B,160886,BROWNIE C/NOZES 240G CG CHEF&CO,UN,#ERROR!,#ERROR!,"50,00",07/04/2026,#ERROR!,54,"CUIABÁ, VARZEA e INTERIOR"," 10,287295"," R$  514,36 ",ATENÇÃO,,#ERROR!
,3B,88848,"QUEIJO TP GORGONZOLA +-2,5KG RF YEMA",KG,#ERROR!,#ERROR!,"2,83",07/04/2026,#ERROR!,54,"CUIABÁ, VARZEA e INTERIOR"," 44,274874"," R$  125,08 ",ATENÇÃO,,0
,3B,132553,QUEIJO GORGONZOLA +-3KG RF OPERA,KG,#ERROR!,#ERROR!,"18,35",07/04/2026,#ERROR!,54,"CUIABÁ, VARZEA e INTERIOR"," 43,422569"," R$  796,98 ",ATENÇÃO,,0
,3B,134952,MAIONESE BD 3KG FRITZ E FRIDA,UN,#ERROR!,#ERROR!,"12,00",07/04/2026,#ERROR!,54,"CUIABÁ, VARZEA e INTERIOR"," 21,532354"," R$  258,39 ",ATENÇÃO,,0
,3B,92165,"MOLHO DE PIMENTA SWEET CHILI 1,1KG JUNIO",UN,#ERROR!,#ERROR!,"5,00",07/04/2026,#ERROR!,54,"CUIABÁ, VARZEA e INTERIOR"," 10,928931"," R$  54,64 ",ATENÇÃO,,#ERROR!
,3B,296,"LINGUICA CALABRESA DEF CURVA 2,5KG SADIA",KG,#ERROR!,#ERROR!,"10,00",08/04/2026,#ERROR!,55,"CUIABÁ, VARZEA e INTERIOR"," 15,5207"," R$  155,21 ",ATENÇÃO,,0
,3B,71944,LINGUICA CALABRESA 5KG SADIA,KG,#ERROR!,#ERROR!,"80,00",08/04/2026,#ERROR!,55,"CUIABÁ, VARZEA e INTERIOR"," 15,5207"," R$  1.241,66 ",ATENÇÃO,,0
,3B,159439,PAO HAMB BRIOCHE 4X75G ARO11 CG FAZ E FO,PT,#ERROR!,#ERROR!,"350,00",08/04/2026,#ERROR!,55,"CUIABÁ, VARZEA e INTERIOR"," 5,468958"," R$  1.914,14 ",ATENÇÃO,,0
,3B,153792,GRAO DE BICO PREMIUM 400G FRITZ E FRIDA,UN,#ERROR!,#ERROR!,"142,00",08/04/2026,#ERROR!,55,"CUIABÁ, VARZEA e INTERIOR"," 4,005499"," R$  568,78 ",ATENÇÃO,,#ERROR!
,3B,159439,PAO HAMB BRIOCHE 4X75G ARO11 CG FAZ E FO,PT,#ERROR!,#ERROR!,"430,00",09/04/2026,#ERROR!,56,"CUIABÁ, VARZEA e INTERIOR"," 5,468958"," R$  2.351,65 ",ATENÇÃO,,#ERROR!
,3B,11219,"CREAM CHEESE BD 3,6KG CATUPIRY",BD,#ERROR!,#ERROR!,"4,00",09/04/2026,#ERROR!,56,"CUIABÁ, VARZEA e INTERIOR"," 104,9226"," R$  419,69 ",ATENÇÃO,,0
,3B,134953,MAIONESE SACHE 1KG FRITZ E FRIDA,UN,#ERROR!,#ERROR!,"24,00",09/04/2026,#ERROR!,56,"CUIABÁ, VARZEA e INTERIOR"," 6,550682"," R$  157,22 ",ATENÇÃO,,0
,3B,92127,"MOLHO HONEY MUSTARD POUCH 1,1KG JUNIOR",UN,#ERROR!,#ERROR!,"2,00",09/04/2026,#ERROR!,56,"CUIABÁ, VARZEA e INTERIOR"," 19,762512"," R$  39,53 ",ATENÇÃO,,0
,3B,160038,ALGA NORI GOLD PCT 50F 140G YUMART,PT,#ERROR!,#ERROR!,"118,00",09/04/2026,#ERROR!,56,"CUIABÁ, VARZEA e INTERIOR"," 33,907451"," R$  4.001,08 ",ATENÇÃO,,0
,3B,4220,LINGUICA SUINA 5KG CG SEARA,KG,#ERROR!,#ERROR!,"40,00",10/04/2026,#ERROR!,57,"CUIABÁ, VARZEA e INTERIOR"," 13,056293"," R$  522,25 ",ATENÇÃO,,0
,3B,10291,"REQUEIJAO CREM TRAD 1,5KG RF CATUPIRY",SH,#ERROR!,#ERROR!,"270,00",10/04/2026,#ERROR!,57,"CUIABÁ, VARZEA e INTERIOR"," 48,7413"," R$  13.160,15 ",ATENÇÃO,,0
,3B,159213,UVA PASSA PRETA 100G FRITZ E FRIDA,UN,#ERROR!,#ERROR!,"84,00",10/04/2026,#ERROR!,57,"CUIABÁ, VARZEA e INTERIOR"," 2,840173"," R$  238,57 ",ATENÇÃO,,0
,3B,161736,HAMBURGUER BV TRAD 110G CG WESSEL,KG,#ERROR!,#ERROR!,"403,92",11/04/2026,#ERROR!,58,"CUIABÁ, VARZEA e INTERIOR"," 28,576305"," R$  11.542,54 ",ATENÇÃO,,0
,3B,10583,"CREAM CHEESE BISNAGA 1,2KG CATUPIRY",UN,#ERROR!,#ERROR!,"4,00",11/04/2026,#ERROR!,58,"CUIABÁ, VARZEA e INTERIOR"," 32,4477"," R$  129,79 ",ATENÇÃO,,0
,3B,157525,BOLINHO DUO CHOC 27G BAUDUCCO,UN,#ERROR!,#ERROR!,"75,00",11/04/2026,#ERROR!,58,"CUIABÁ, VARZEA e INTERIOR"," 0,709053"," R$  53,18 ",ATENÇÃO,,0
,3B,157525,BOLINHO DUO CHOC 27G BAUDUCCO,UN,#ERROR!,#ERROR!,"525,00",11/04/2026,#ERROR!,58,"CUIABÁ, VARZEA e INTERIOR"," 0,709053"," R$  372,25 ",ATENÇÃO,,#ERROR!
,3B,134352,SALAME TIPO ITALIANO FAT 100G CERATT,PT,#ERROR!,#ERROR!,"36,00",12/04/2026,#ERROR!,59,"CUIABÁ, VARZEA e INTERIOR"," 9,916706"," R$  357,00 ",ATENÇÃO,,0
,3B,122787,LINGUICA SABOR PEPPERONI FAT 1KG CERATTI,KG,#ERROR!,#ERROR!,"9,00",12/04/2026,#ERROR!,59,"CUIABÁ, VARZEA e INTERIOR"," 62,854573"," R$  565,69 ",ATENÇÃO,,
,3B,161733,HAMBURGUER BV COSTELA BURGUES 180G CG WE,KG,#ERROR!,#ERROR!,"181,44",12/04/2026,#ERROR!,59,"CUIABÁ, VARZEA e INTERIOR"," 28,678797"," R$  5.203,48 ",ATENÇÃO,,0
,3B,118255,SEMENTE LINHACA DOURADA 500G NUANCE,PT,#ERROR!,#ERROR!,"20,00",12/04/2026,#ERROR!,59,"CUIABÁ, VARZEA e INTERIOR"," 5,927939"," R$  118,56 ",ATENÇÃO,,
,3B,91342,MAIONESE BD 3KG HELLMANNS,BD,#ERROR!,#ERROR!,"19,00",13/04/2026,#ERROR!,60,"CUIABÁ, VARZEA e INTERIOR"," 42,471563"," R$  806,96 ",ATENÇÃO,,
,3B,91342,MAIONESE BD 3KG HELLMANNS,BD,#ERROR!,#ERROR!,"42,00",13/04/2026,#ERROR!,60,"CUIABÁ, VARZEA e INTERIOR"," 42,471563"," R$  1.783,81 ",ATENÇÃO,,
,3B,156586,SUINO COSTELA TIRAS TEMP CG 1KG EXCELENC,KG,#ERROR!,#ERROR!,"15,00",13/04/2026,#ERROR!,60,"CUIABÁ, VARZEA e INTERIOR"," 26,902667"," R$  403,54 ",ATENÇÃO,,
,3B,6459,"BACON MANTA +-3,5KG RF SEARA",KG,#ERROR!,#ERROR!,"7,72",14/04/2026,#ERROR!,61,"CUIABÁ, VARZEA e INTERIOR"," 21,026027"," R$  162,32 ",ATENÇÃO,,
,3B,159438,PAO HAMB AUSTR 4X75G ARO 11 CG FAZ E FOR,PT,#ERROR!,#ERROR!,"10,00",14/04/2026,#ERROR!,61,"CUIABÁ, VARZEA e INTERIOR"," 5,865626"," R$  58,66 ",ATENÇÃO,,
,3B,1224,HAMB MISTO IQF 36X56G REZENDE,KG,#ERROR!,#ERROR!,"1,87",14/04/2026,#ERROR!,61,"CUIABÁ, VARZEA e INTERIOR"," 12,585177"," R$  23,48 ",ATENÇÃO,,
,3B,159439,PAO HAMB BRIOCHE 4X75G ARO11 CG FAZ E FO,PT,#ERROR!,#ERROR!,"490,00",14/04/2026,#ERROR!,61,"CUIABÁ, VARZEA e INTERIOR"," 5,468958"," R$  2.679,79 ",ATENÇÃO,,
,3B,159438,PAO HAMB AUSTR 4X75G ARO 11 CG FAZ E FOR,PT,#ERROR!,#ERROR!,"90,00",14/04/2026,#ERROR!,61,"CUIABÁ, VARZEA e INTERIOR"," 5,865626"," R$  527,91 ",ATENÇÃO,,
,3B,137299,BATATA PALHA 800G CHEF&CO,PT,#ERROR!,#ERROR!,"360,00",14/04/2026,#ERROR!,61,"CUIABÁ, VARZEA e INTERIOR"," 10,964426"," R$  3.947,19 ",ATENÇÃO,,
,3B,110785,"MOLHO FRENCH 1,1KG JUNIOR",UN,#ERROR!,#ERROR!,"6,00",14/04/2026,#ERROR!,61,"CUIABÁ, VARZEA e INTERIOR"," 19,837225"," R$  119,02 ",ATENÇÃO,,
,3B,154767,LEITE COND SEMI DESN 6% 5KG PIRACANJUBA,BG,#ERROR!,#ERROR!,"208,00",14/04/2026,#ERROR!,61,"CUIABÁ, VARZEA e INTERIOR"," 48,739556"," R$  10.137,83 ",ATENÇÃO,,
,3B,154767,LEITE COND SEMI DESN 6% 5KG PIRACANJUBA,BG,#ERROR!,#ERROR!,"21,00",14/04/2026,#ERROR!,61,"CUIABÁ, VARZEA e INTERIOR"," 48,739556"," R$  1.023,53 ",ATENÇÃO,,
,3B,154767,LEITE COND SEMI DESN 6% 5KG PIRACANJUBA,BG,#ERROR!,#ERROR!,"208,00",14/04/2026,#ERROR!,61,"CUIABÁ, VARZEA e INTERIOR"," 48,739556"," R$  10.137,83 ",ATENÇÃO,,
,3B,133935,LINGUICA CALABRESA FAT 1KG RF CERATTI,KG,#ERROR!,#ERROR!,"3,00",15/04/2026,#ERROR!,62,"CUIABÁ, VARZEA e INTERIOR"," 34,042907"," R$  102,13 ",ATENÇÃO,,
,3B,159440,PAO HAMB CROCANTE 4X75G ARO11 CG FAZ E F,PT,#ERROR!,#ERROR!,"30,00",15/04/2026,#ERROR!,62,"CUIABÁ, VARZEA e INTERIOR"," 4,338032"," R$  130,14 ",ATENÇÃO,,
,3B,1113,EMP RECH PRESUNTO/QUEIJO 100G CG PERDIG,KG,#ERROR!,#ERROR!,"15,00",15/04/2026,#ERROR!,62,"CUIABÁ, VARZEA e INTERIOR"," 23,229459"," R$  348,44 ",ATENÇÃO,,
,3B,159427,PAO HAMB TRAD C/GERG 4X75G ARO11 FAZ E F,PT,#ERROR!,#ERROR!,"30,00",15/04/2026,#ERROR!,62,"CUIABÁ, VARZEA e INTERIOR"," 4,633423"," R$  139,00 ",ATENÇÃO,,
,3B,159427,PAO HAMB TRAD C/GERG 4X75G ARO11 FAZ E F,PT,#ERROR!,#ERROR!,"150,00",15/04/2026,#ERROR!,62,"CUIABÁ, VARZEA e INTERIOR"," 4,633423"," R$  695,01 ",ATENÇÃO,,
,3B,164232,COSTELA DIANTEIRO ANGUS CG GRAN CAMPEON,KG,#ERROR!,#ERROR!,"11,53",15/04/2026,#ERROR!,62,"CUIABÁ, VARZEA e INTERIOR"," 77,80054"," R$  897,04 ",ATENÇÃO,,
,3B,1284,"VG COUVE BRUXELAS 2,5KG PINGUIN",KG,#ERROR!,#ERROR!,"10,00",15/04/2026,#ERROR!,62,"CUIABÁ, VARZEA e INTERIOR"," 9,876215"," R$  98,76 ",ATENÇÃO,,
,3B,109951,SALAME DEF FAT 100G RF PERDIGAO,UN,#ERROR!,#ERROR!,"20,00",16/04/2026,#ERROR!,63,"CUIABÁ, VARZEA e INTERIOR"," 6,190003"," R$  123,80 ",ATENÇÃO,,
,3B,158071,HAMBURGUER FGO EMP SUPREME 2KG SEARA,PT,#ERROR!,#ERROR!,"61,00",16/04/2026,#ERROR!,63,"CUIABÁ, VARZEA e INTERIOR"," 42,586978"," R$  2.597,81 ",ATENÇÃO,,
,3B,159439,PAO HAMB BRIOCHE 4X75G ARO11 CG FAZ E FO,PT,#ERROR!,#ERROR!,"20,00",16/04/2026,#ERROR!,63,"CUIABÁ, VARZEA e INTERIOR"," 5,468958"," R$  109,38 ",ATENÇÃO,,
,3B,159439,PAO HAMB BRIOCHE 4X75G ARO11 CG FAZ E FO,PT,#ERROR!,#ERROR!,"280,00",16/04/2026,#ERROR!,63,"CUIABÁ, VARZEA e INTERIOR"," 5,468958"," R$  1.531,31 ",ATENÇÃO,,
,3B,159439,PAO HAMB BRIOCHE 4X75G ARO11 CG FAZ E FO,PT,#ERROR!,#ERROR!,"180,00",16/04/2026,#ERROR!,63,"CUIABÁ, VARZEA e INTERIOR"," 5,468958"," R$  984,41 ",ATENÇÃO,,
,3B,136083,FERMENTO EM PO QUIMICO 1KG STAR BAKE,PT,#ERROR!,#ERROR!,"85,00",16/04/2026,#ERROR!,63,"CUIABÁ, VARZEA e INTERIOR"," 13,76496"," R$  1.170,02 ",ATENÇÃO,,0
,3B,123121,BV CONTRA FILE ANGUS PORC CG BRIT,KG,#ERROR!,#ERROR!,"33,52",16/04/2026,#ERROR!,63,"CUIABÁ, VARZEA e INTERIOR"," 58,121162"," R$  1.948,22 ",ATENÇÃO,,0
,3B,162102,"RECH CARAMELO 1,01KG BOM PRINCIPIO",UN,#ERROR!,#ERROR!,"6,00",16/04/2026,#ERROR!,63,"CUIABÁ, VARZEA e INTERIOR"," 18,5944"," R$  111,57 ",ATENÇÃO,,
,3B,116269,GOIABADA BLC 7KG CEPERA,UN,#ERROR!,#ERROR!,"2,00",16/04/2026,#ERROR!,63,"CUIABÁ, VARZEA e INTERIOR"," 82,903665"," R$  165,81 ",ATENÇÃO,,
,3B,159439,PAO HAMB BRIOCHE 4X75G ARO11 CG FAZ E FO,PT,#ERROR!,#ERROR!,"490,00",17/04/2026,#ERROR!,64,"CUIABÁ, VARZEA e INTERIOR"," 5,468958"," R$  2.679,79 ",ATENÇÃO,,
,3B,159437,PAO HOT DOG TRAD 5X80G CG FAZ E FORNO,PT,#ERROR!,#ERROR!,"32,00",17/04/2026,#ERROR!,64,"CUIABÁ, VARZEA e INTERIOR"," 5,966903"," R$  190,94 ",ATENÇÃO,,
,3B,159437,PAO HOT DOG TRAD 5X80G CG FAZ E FORNO,PT,#ERROR!,#ERROR!,"40,00",17/04/2026,#ERROR!,64,"CUIABÁ, VARZEA e INTERIOR"," 5,966903"," R$  238,68 ",ATENÇÃO,,
,3B,105773,MANTEIGA S/SAL 5KG RF SCALA,UN,#ERROR!,#ERROR!,"2,00",17/04/2026,#ERROR!,64,"CUIABÁ, VARZEA e INTERIOR"," 175,026"," R$  350,05 ",ATENÇÃO,,
,3B,164745,FARINHA TRIGO P/PIZZA TP1 5KG GRAZIELLA,SC,#ERROR!,#ERROR!,"5,00",17/04/2026,#ERROR!,64,"CUIABÁ, VARZEA e INTERIOR"," 16,128893"," R$  80,64 ",ATENÇÃO,,
,3B,155262,FARINHA TRIGO INTEG 5KG MOTASA,UN,#ERROR!,#ERROR!,"5,00",18/04/2026,#ERROR!,65,"CUIABÁ, VARZEA e INTERIOR"," 15,219796"," R$  76,10 ",ATENÇÃO,,
,3B,164747,FARINHA TRIGO P/PASTEL TP1 5KG GRAZIELLA,SC,#ERROR!,#ERROR!,"5,00",18/04/2026,#ERROR!,65,"CUIABÁ, VARZEA e INTERIOR"," 20,280886"," R$  101,40 ",ATENÇÃO,,
,3B,105985,NUGGETS DE FRANGO 300G CG SADIA,#N/A,#ERROR!,#ERROR!,"1,00",19/04/2026,#ERROR!,66,"CUIABÁ, VARZEA e INTERIOR"," 5,106866"," R$  5,11 ",ATENÇÃO,,
,3B,951,PATO COXA C/SOBRECOXA PCT CG VILLA GERMA,KG,#ERROR!,#ERROR!,"50,00",19/04/2026,#ERROR!,66,"CUIABÁ, VARZEA e INTERIOR"," 40,895437"," R$  2.044,77 ",ATENÇÃO,,0
,3B,156026,"GORDURA VEGETAL 14,5KG SUPREMA",BD,#ERROR!,#ERROR!,"37,00",19/04/2026,#ERROR!,66,"CUIABÁ, VARZEA e INTERIOR"," 147,74092"," R$  5.466,41 ",ATENÇÃO,,
,3B,156026,"GORDURA VEGETAL 14,5KG SUPREMA",BD,#ERROR!,#ERROR!,"48,00",19/04/2026,#ERROR!,66,"CUIABÁ, VARZEA e INTERIOR"," 147,74092"," R$  7.091,56 ",ATENÇÃO,,
,3B,156026,"GORDURA VEGETAL 14,5KG SUPREMA",BD,#ERROR!,#ERROR!,"48,00",19/04/2026,#ERROR!,66,"CUIABÁ, VARZEA e INTERIOR"," 147,74092"," R$  7.091,56 ",ATENÇÃO,,
,3B,156026,"GORDURA VEGETAL 14,5KG SUPREMA",BD,#ERROR!,#ERROR!,"48,00",19/04/2026,#ERROR!,66,"CUIABÁ, VARZEA e INTERIOR"," 147,74092"," R$  7.091,56 ",ATENÇÃO,,
,3B,156026,"GORDURA VEGETAL 14,5KG SUPREMA",BD,#ERROR!,#ERROR!,"48,00",19/04/2026,#ERROR!,66,"CUIABÁ, VARZEA e INTERIOR"," 147,74092"," R$  7.091,56 ",ATENÇÃO,,
,3B,156026,"GORDURA VEGETAL 14,5KG SUPREMA",BD,#ERROR!,#ERROR!,"48,00",19/04/2026,#ERROR!,66,"CUIABÁ, VARZEA e INTERIOR"," 147,74092"," R$  7.091,56 ",ATENÇÃO,,
,3B,10583,"CREAM CHEESE BISNAGA 1,2KG CATUPIRY",UN,#ERROR!,#ERROR!,"222,00",20/04/2026,#ERROR!,67,"CUIABÁ, VARZEA e INTERIOR"," 32,4477"," R$  7.203,39 ",ATENÇÃO,,
,3B,159005,FARINHA TRIGO TP1 1KG FARINA,PT,#ERROR!,#ERROR!,"10,00",20/04/2026,#ERROR!,67,"CUIABÁ, VARZEA e INTERIOR"," 3,0411"," R$  30,41 ",ATENÇÃO,,
,3B,156026,"GORDURA VEGETAL 14,5KG SUPREMA",BD,#ERROR!,#ERROR!,"48,00",20/04/2026,#ERROR!,67,"CUIABÁ, VARZEA e INTERIOR"," 147,74092"," R$  7.091,56 ",ATENÇÃO,,
,3B,116151,QUEIJO PARMESAO RALADO 1KG VALEZA,PT,#ERROR!,#ERROR!,"5,00",21/04/2026,#ERROR!,68,"CUIABÁ, VARZEA e INTERIOR"," 36,27"," R$  181,35 ",ATENÇÃO,,
,3B,155996,"MOLHO CULINARIO CHEDDAR 1,5KG RF SCHREIB",UN,#ERROR!,#ERROR!,"78,00",21/04/2026,#ERROR!,68,"CUIABÁ, VARZEA e INTERIOR"," 26,140337"," R$  2.038,95 ",ATENÇÃO,,0
,3B,91317,MOSTARDA AMARELA SACHE 168X7G HELLMANNS,CX,#ERROR!,#ERROR!,"5,00",21/04/2026,#ERROR!,68,"CUIABÁ, VARZEA e INTERIOR"," 15,862639"," R$  79,31 ",ATENÇÃO,,
,3B,91317,MOSTARDA AMARELA SACHE 168X7G HELLMANNS,CX,#ERROR!,#ERROR!,"25,00",21/04/2026,#ERROR!,68,"CUIABÁ, VARZEA e INTERIOR"," 15,862639"," R$  396,57 ",ATENÇÃO,,
,3B,157540,BOLINHO CHOC 16X40G BAUDUCCO,UN,#ERROR!,#ERROR!,"336,00",21/04/2026,#ERROR!,68,"CUIABÁ, VARZEA e INTERIOR"," 1,021245"," R$  343,14 ",ATENÇÃO,,
,3B,106818,BACON MANTA DEF +-4KG RF PERDIGAO,KG,#ERROR!,#ERROR!,"97,13",22/04/2026,#ERROR!,69,"CUIABÁ, VARZEA e INTERIOR"," 21,181621"," R$  2.057,37 ",ATENÇÃO,,0
,3B,157621,"EMP STICK FGO 1,5KG CG COPACOL",PT,#ERROR!,#ERROR!,"14,00",22/04/2026,#ERROR!,69,"CUIABÁ, VARZEA e INTERIOR"," 15,849851"," R$  221,90 ",ATENÇÃO,,
,3B,156470,MANTEIGA S/SAL BLOCO 5KG RF CHEF&CO,KG,#ERROR!,#ERROR!,"75,00",22/04/2026,#ERROR!,69,"CUIABÁ, VARZEA e INTERIOR"," 18,685125"," R$  1.401,38 ",ATENÇÃO,,
,3B,5240,MOSTARDA AMARELA 1KG HEMMER,UN,#ERROR!,#ERROR!,"24,00",22/04/2026,#ERROR!,69,"CUIABÁ, VARZEA e INTERIOR"," 10,5952"," R$  254,28 ",ATENÇÃO,,
,3B,98923,SALAME ITALIANO FAT 100G SEARA,UN,#ERROR!,#ERROR!,"5,00",23/04/2026,#ERROR!,70,"CUIABÁ, VARZEA e INTERIOR"," 5,302704"," R$  26,51 ",ATENÇÃO,,
,3B,135888,MASSA INST GALINHA CAIPIRA 80G FRITZ E F,UN,#ERROR!,#ERROR!,"120,00",23/04/2026,#ERROR!,70,"CUIABÁ, VARZEA e INTERIOR"," 1,019386"," R$  122,33 ",ATENÇÃO,,
,3B,116067,"REQUEIJAO CREM CHEDDAR 1,01KG CATUPIRY",UN,#ERROR!,#ERROR!,"72,00",24/04/2026,#ERROR!,71,"CUIABÁ, VARZEA e INTERIOR"," 34,4565"," R$  2.480,87 ",ATENÇÃO,,
,3B,164058,ALECRIM 150G NUANCE,PO,#ERROR!,#ERROR!,"12,00",24/04/2026,#ERROR!,71,"CUIABÁ, VARZEA e INTERIOR"," 5,370513"," R$  64,45 ",ATENÇÃO,,
,3B,156169,"MANTEIGA S/SAL BLOCO 2,5KG RF CHEF&CO",KG,#ERROR!,#ERROR!,"84,00",25/04/2026,#ERROR!,72,"CUIABÁ, VARZEA e INTERIOR"," 18,675369"," R$  1.568,73 ",ATENÇÃO,,0
,3B,135892,MASSA INST CHURRASCO 80G FRITZ E FRIDA,UN,#ERROR!,#ERROR!,"576,00",25/04/2026,#ERROR!,72,"CUIABÁ, VARZEA e INTERIOR"," 1,004423"," R$  578,55 ",ATENÇÃO,,
,3B,118192,CHIA 500G NUANCE,PT,#ERROR!,#ERROR!,"6,00",26/04/2026,#ERROR!,73,"CUIABÁ, VARZEA e INTERIOR"," 8,5536"," R$  51,32 ",ATENÇÃO,,
,3B,93338,AZEITONA PRETA S/CAR 2KG ARCOBELLO,BD,#ERROR!,#ERROR!,"6,00",26/04/2026,#ERROR!,73,"CUIABÁ, VARZEA e INTERIOR"," 55,6032"," R$  333,62 ",ATENÇÃO,,
,3B,95367,OLEO SOJA PET 900ML CONCORDIA,UN,#ERROR!,#ERROR!,"734,00",26/04/2026,#ERROR!,73,"CUIABÁ, VARZEA e INTERIOR"," 8,255923"," R$  6.059,85 ",ATENÇÃO,,
,3B,95367,OLEO SOJA PET 900ML CONCORDIA,UN,#ERROR!,#ERROR!,"1080,00",26/04/2026,#ERROR!,73,"CUIABÁ, VARZEA e INTERIOR"," 8,255923"," R$  8.916,40 ",ATENÇÃO,,
,3B,95367,OLEO SOJA PET 900ML CONCORDIA,UN,#ERROR!,#ERROR!,"1080,00",26/04/2026,#ERROR!,73,"CUIABÁ, VARZEA e INTERIOR"," 8,255923"," R$  8.916,40 ",ATENÇÃO,,
,3B,159806,BACON MEIA MANTA RF PERDIGÃO,KG,#ERROR!,#ERROR!,"45,60",27/04/2026,#ERROR!,74,"CUIABÁ, VARZEA e INTERIOR"," 21,181563"," R$  965,88 ",ATENÇÃO,,
,3B,134906,AMENDOIM BRANCO PREMIUM T1 400G FRITZ,UN,#ERROR!,#ERROR!,"130,00",27/04/2026,#ERROR!,74,"CUIABÁ, VARZEA e INTERIOR"," 2,663259"," R$  346,22 ",ATENÇÃO,,
,3B,162431,MAIONESE SACHE 140X7G CEPERA,CX,#ERROR!,#ERROR!,"20,00",27/04/2026,#ERROR!,74,"CUIABÁ, VARZEA e INTERIOR"," 14,907722"," R$  298,15 ",ATENÇÃO,,
,3B,162431,MAIONESE SACHE 140X7G CEPERA,CX,#ERROR!,#ERROR!,"3,00",27/04/2026,#ERROR!,74,"CUIABÁ, VARZEA e INTERIOR"," 14,907722"," R$  44,72 ",ATENÇÃO,,
,3B,100123,"BATATA HARVEST PRID 9MM 2,5KG MCCAIN N",KG,#ERROR!,#ERROR!,"285,00",28/04/2026,#ERROR!,75,"CUIABÁ, VARZEA e INTERIOR"," 10,637933"," R$  3.031,81 ",ATENÇÃO,,0
,3B,157964,"CHEDDAR CREMOSO 1,5KG RF CHEF E CO",UN,#ERROR!,#ERROR!,"300,00",29/04/2026,#ERROR!,76,"CUIABÁ, VARZEA e INTERIOR"," 33,825664"," R$  10.147,70 ",ATENÇÃO,,
,3B,120592,MANTEIGA S/SAL 5KG RF MULLER,KG,#ERROR!,#ERROR!,"5,00",29/04/2026,#ERROR!,76,"CUIABÁ, VARZEA e INTERIOR"," 20,274"," R$  101,37 ",ATENÇÃO,,
,3B,110531,SEMENTE LINHACA MARROM 1KG NUANCE,UN,#ERROR!,#ERROR!,"10,00",29/04/2026,#ERROR!,76,"CUIABÁ, VARZEA e INTERIOR"," 9,24"," R$  92,40 ",ATENÇÃO,,
,3B,162338,UVA PASSA PRETA 500G NUANCE,PO,#ERROR!,#ERROR!,"91,00",29/04/2026,#ERROR!,76,"CUIABÁ, VARZEA e INTERIOR"," 11,420111"," R$  1.039,23 ",ATENÇÃO,,
,3B,162314,NOZES METADE S/CASCA LIGHT 350G NUANCE,PO,#ERROR!,#ERROR!,"18,00",29/04/2026,#ERROR!,76,"CUIABÁ, VARZEA e INTERIOR"," 23,946666"," R$  431,04 ",ATENÇÃO,,
,3B,106332,BACON EXTRA PALETA +-18KG EXCELENCIA,KG,#ERROR!,#ERROR!,"298,69",30/04/2026,#ERROR!,77,"CUIABÁ, VARZEA e INTERIOR"," 21,488841"," R$  6.418,42 ",ATENÇÃO,,0
,3B,10110,BACON MANTA +-4KG EXCELENCIA,KG,#ERROR!,#ERROR!,"525,51",30/04/2026,#ERROR!,77,"CUIABÁ, VARZEA e INTERIOR"," 22,624934"," R$  11.889,52 ",ATENÇÃO,,
,3B,153023,MAIONESE BD 3KG SALADA,UN,#ERROR!,#ERROR!,"30,00",30/04/2026,#ERROR!,77,"CUIABÁ, VARZEA e INTERIOR"," 22,534132"," R$  676,02 ",ATENÇÃO,,
,3B,93219,AZEITE OLIVA TIPO UNICO LATA 500ML GALLO,UN,#ERROR!,#ERROR!,"3,00",30/04/2026,#ERROR!,77,"CUIABÁ, VARZEA e INTERIOR"," 26,678549"," R$  80,04 ",ATENÇÃO,,
,3B,93762,COGUMELO FAT 2KG ARCOBELLO,UN,#ERROR!,#ERROR!,"5,00",30/04/2026,#ERROR!,77,"CUIABÁ, VARZEA e INTERIOR"," 44,699727"," R$  223,50 ",ATENÇÃO,,
,3B,153023,MAIONESE BD 3KG SALADA,UN,#ERROR!,#ERROR!,"10,00",30/04/2026,#ERROR!,77,"CUIABÁ, VARZEA e INTERIOR"," 22,534132"," R$  225,34 ",ATENÇÃO,,
,3B,159022,MAIONESE SACHE 144X7G HEINZ,CX,#ERROR!,#ERROR!,"499,00",30/04/2026,,77,"CUIABÁ, VARZEA e INTERIOR"," 16,616683"," R$  8.291,72 ",ATENÇÃO,,
,3B,135954,CHANTILLY 1KG CHEF&CO,UN,#ERROR!,#ERROR!,"1020,00",30/04/2026,#ERROR!,77,"CUIABÁ, VARZEA e INTERIOR"," 9,784358"," R$  9.980,05 ",ATENÇÃO,,
,3B,135954,CHANTILLY 1KG CHEF&CO,UN,#ERROR!,#ERROR!,"124,00",30/04/2026,#ERROR!,77,"CUIABÁ, VARZEA e INTERIOR"," 9,784358"," R$  1.213,26 ",ATENÇÃO,,
,3B,135954,CHANTILLY 1KG CHEF&CO,UN,#ERROR!,#ERROR!,"756,00",30/04/2026,#ERROR!,77,"CUIABÁ, VARZEA e INTERIOR"," 9,784358"," R$  7.396,97 ",ATENÇÃO,,
,3B,134936,FEIJAO PRETO PREMIUM T1 1KG FRITZ E FRID,UN,#ERROR!,#ERROR!,"20,00",30/04/2026,#ERROR!,77,"CUIABÁ, VARZEA e INTERIOR"," 4,386513"," R$  87,73 ",ATENÇÃO,,
,3B,134940,FEIJAO VERMELHO PREMIUM T1 500G FRITZ,UN,#ERROR!,#ERROR!,"21,00",30/04/2026,#ERROR!,77,"CUIABÁ, VARZEA e INTERIOR"," 4,133566"," R$  86,80 ",ATENÇÃO,,
,3B,116653,ARROZ INTEG TIPO1 1KG TIO JOAO,PT,#ERROR!,#ERROR!,"10,00",30/04/2026,#ERROR!,77,"CUIABÁ, VARZEA e INTERIOR"," 6,9784"," R$  69,78 ",ATENÇÃO,,
,3B,120744,COLORIFICO 1KG NUANCE,PT,#ERROR!,#ERROR!,"62,00",01/05/2026,#ERROR!,78,"CUIABÁ, VARZEA e INTERIOR"," 6,957541"," R$  431,37 ",ATENÇÃO,,
,3B,120744,COLORIFICO 1KG NUANCE,PT,#ERROR!,#ERROR!,"20,00",01/05/2026,#ERROR!,78,"CUIABÁ, VARZEA e INTERIOR"," 6,957541"," R$  139,15 ",ATENÇÃO,,
,3B,116518,FARINHA TRIGO TRAD 1KG DONA BENTA,PT,#ERROR!,#ERROR!,"120,00",01/05/2026,#ERROR!,78,"CUIABÁ, VARZEA e INTERIOR"," 3,9923"," R$  479,08 ",ATENÇÃO,,
,3B,135870,MISTURA BOLO LARANJA 400G FRITZ E FRIDA,PT,#ERROR!,#ERROR!,"156,00",01/05/2026,#ERROR!,78,"CUIABÁ, VARZEA e INTERIOR"," 2,713598"," R$  423,32 ",ATENÇÃO,,
,3B,132780,BICARBONATO DE SODIO 1KG NUANCE,PT,#ERROR!,#ERROR!,"2,00",01/05/2026,#ERROR!,78,"CUIABÁ, VARZEA e INTERIOR"," 6,099823"," R$  12,20 ",ATENÇÃO,,
,3B,162315,UVA PASSA BRANCA 250G NUANCE,PO,#ERROR!,#ERROR!,"11,00",01/05/2026,#ERROR!,78,"CUIABÁ, VARZEA e INTERIOR"," 8,9056"," R$  97,96 ",ATENÇÃO,,
,3B,1224,HAMB MISTO IQF 36X56G REZENDE,KG,#ERROR!,#ERROR!,"30,10",03/05/2026,#ERROR!,80,"CUIABÁ, VARZEA e INTERIOR"," 12,585177"," R$  378,76 ",ATENÇÃO,,
,3B,154501,MAIONESE BAG SALADA 3KG SEARA,UN,#ERROR!,#ERROR!,"42,00",03/05/2026,,80,"CUIABÁ, VARZEA e INTERIOR"," 20,736465"," R$  870,93 ",ATENÇÃO,,
,3B,163893,"MOLHO PEPINO AGRIDOCE 2,2KG MCCOYS",#N/A,#ERROR!,#ERROR!,"1,00",03/05/2026,#ERROR!,80,"CUIABÁ, VARZEA e INTERIOR"," 59,646751"," R$  59,65 ",ATENÇÃO,,
,3B,134922,BISC AGUA E SAL 360G FRITZ E FRIDA,UN,#ERROR!,#ERROR!,"30,00",03/05/2026,#ERROR!,80,"CUIABÁ, VARZEA e INTERIOR"," 2,623132"," R$  78,69 ",ATENÇÃO,,
,3B,134938,FEIJAO CARIOCA PREMIUM T1 500G FRITZ,UN,#ERROR!,#ERROR!,"10,00",03/05/2026,#ERROR!,80,"CUIABÁ, VARZEA e INTERIOR"," 3,152911"," R$  31,53 ",ATENÇÃO,,
,3B,136651,FAROFA PRONTA TEMP 500G NERIAL,PT,#ERROR!,#ERROR!,"20,00",04/05/2026,#ERROR!,81,"CUIABÁ, VARZEA e INTERIOR"," 3,732801"," R$  74,66 ",ATENÇÃO,,
,3B,106033,LOMBO CANADENSE +-1KG RF EXCELENCIA,KG,#ERROR!,#ERROR!,"49,83",05/05/2026,,82,"CUIABÁ, VARZEA e INTERIOR"," 28,852583"," R$  1.437,58 ",ATENÇÃO,,
,3B,157908,"REQUEIJAO CREMOSO 1,5KG RF CHEF E CO",UN,#ERROR!,#ERROR!,"800,00",05/05/2026,#ERROR!,82,"CUIABÁ, VARZEA e INTERIOR"," 32,897289"," R$  26.317,83 ",ATENÇÃO,,
,3B,157908,"REQUEIJAO CREMOSO 1,5KG RF CHEF E CO",UN,#ERROR!,#ERROR!,"790,00",05/05/2026,#ERROR!,82,"CUIABÁ, VARZEA e INTERIOR"," 32,897289"," R$  25.988,86 ",ATENÇÃO,,
,3B,157908,"REQUEIJAO CREMOSO 1,5KG RF CHEF E CO",UN,#ERROR!,#ERROR!,"328,00",05/05/2026,#ERROR!,82,"CUIABÁ, VARZEA e INTERIOR"," 32,897289"," R$  10.790,31 ",ATENÇÃO,,
,3B,157965,"CREAM CHEESE 1,01KG RF CHEF E CO",UN,#ERROR!,#ERROR!,"929,00",05/05/2026,#ERROR!,82,"CUIABÁ, VARZEA e INTERIOR"," 24,105644"," R$  22.394,14 ",ATENÇÃO,,
,3B,157965,"CREAM CHEESE 1,01KG RF CHEF E CO",UN,#ERROR!,#ERROR!,"960,00",05/05/2026,#ERROR!,82,"CUIABÁ, VARZEA e INTERIOR"," 24,105644"," R$  23.141,42 ",ATENÇÃO,,
,3B,157965,"CREAM CHEESE 1,01KG RF CHEF E CO",UN,#ERROR!,#ERROR!,"120,00",05/05/2026,#ERROR!,82,"CUIABÁ, VARZEA e INTERIOR"," 24,105644"," R$  2.892,68 ",ATENÇÃO,,
,3B,157965,"CREAM CHEESE 1,01KG RF CHEF E CO",UN,#ERROR!,#ERROR!,"960,00",05/05/2026,#ERROR!,82,"CUIABÁ, VARZEA e INTERIOR"," 24,105644"," R$  23.141,42 ",ATENÇÃO,,
,3B,10774,MISSO MASSA SOJA SHIRO 1KG SAKURA,PT,#ERROR!,#ERROR!,"12,00",05/05/2026,#ERROR!,82,"CUIABÁ, VARZEA e INTERIOR"," 12,974271"," R$  155,69 ",ATENÇÃO,,
,3B,110906,OREGANO PERUANO 250G NUANCE,UN,#ERROR!,#ERROR!,"100,00",05/05/2026,#ERROR!,82,"CUIABÁ, VARZEA e INTERIOR"," 5,464749"," R$  546,47 ",ATENÇÃO,,
,3B,134920,BISC MARIA 360G FRITZ E FRIDA,UN,#ERROR!,#ERROR!,"26,00",05/05/2026,#ERROR!,82,"CUIABÁ, VARZEA e INTERIOR"," 2,748042"," R$  71,45 ",ATENÇÃO,,
,3B,113909,PRESUNTO CRU ESPA PARMA FAT 100G RF CERA,UN,#ERROR!,#ERROR!,"30,00",06/05/2026,#ERROR!,83,"CUIABÁ, VARZEA e INTERIOR"," 22,42176"," R$  672,65 ",ATENÇÃO,,
,3B,118567,PRESUNTO COZ SUINO RETANG +-4KG EXCE,KG,#ERROR!,#ERROR!,"98,00",06/05/2026,#ERROR!,83,"CUIABÁ, VARZEA e INTERIOR"," 18,65134"," R$  1.827,83 ",ATENÇÃO,,
,3B,6220,LOMBO CANADENSE +-1KG RF SEARA,KG,#ERROR!,#ERROR!,"114,52",06/05/2026,#ERROR!,83,"CUIABÁ, VARZEA e INTERIOR"," 29,584883"," R$  3.388,06 ",ATENÇÃO,,
,3B,133472,"REQUEIJAO CHEDDAR BISNAGA 1,5KG RF SCALA",UN,#ERROR!,#ERROR!,"36,00",06/05/2026,#ERROR!,83,"CUIABÁ, VARZEA e INTERIOR"," 41,7756"," R$  1.503,92 ",ATENÇÃO,,
,3B,120737,ALHO EM PO 200G NUANCE,PT,#ERROR!,#ERROR!,"45,00",06/05/2026,#ERROR!,83,"CUIABÁ, VARZEA e INTERIOR"," 3,953473"," R$  177,91 ",ATENÇÃO,,
,3B,91279,LEITE CONDENSADO BAG 5KG ITAMBE,BG,#ERROR!,#ERROR!,"17,00",06/05/2026,#ERROR!,83,"CUIABÁ, VARZEA e INTERIOR"," 74,210711"," R$  1.261,58 ",ATENÇÃO,,
,3B,162296,CASTANHA PARA INTEIRA 500G NUANCE,PO,#ERROR!,#ERROR!,"23,00",06/05/2026,#ERROR!,83,"CUIABÁ, VARZEA e INTERIOR"," 67,295174"," R$  1.547,79 ",ATENÇÃO,,
,3B,113910,PRESUNTO CRU ITA PARMA FAT 100GR RF CERA,UN,#ERROR!,#ERROR!,"375,00",07/05/2026,#ERROR!,84,"CUIABÁ, VARZEA e INTERIOR"," 23,232972"," R$  8.712,36 ",ATENÇÃO,,0
,3B,73133,PRESUNTO COZ OVAL +-3KG RF EXCELENCIA,KG,#ERROR!,#ERROR!,"425,00",07/05/2026,#ERROR!,84,"CUIABÁ, VARZEA e INTERIOR"," 17,711399"," R$  7.527,34 ",ATENÇÃO,,
,3B,73133,PRESUNTO COZ OVAL +-3KG RF EXCELENCIA,KG,#ERROR!,#ERROR!,"55,36",07/05/2026,#ERROR!,84,"CUIABÁ, VARZEA e INTERIOR"," 17,711399"," R$  980,50 ",ATENÇÃO,,
,3B,120705,PIMENTA REINO PRETA GRAO 500G NUANCE,PT,#ERROR!,#ERROR!,"14,00",07/05/2026,#ERROR!,84,"CUIABÁ, VARZEA e INTERIOR"," 23,939808"," R$  335,16 ",ATENÇÃO,,
,3B,10962,FARINHA TRIGO TP1 P/PIZZA 5KG SUPREMA,PT,#ERROR!,#ERROR!,"68,00",07/05/2026,#ERROR!,84,"CUIABÁ, VARZEA e INTERIOR"," 15,629856"," R$  1.062,83 ",ATENÇÃO,,
,3B,120435,VG BROCOLIS IQF 300G CG CONFRESCOR,PT,#ERROR!,#ERROR!,"21,00",07/05/2026,#ERROR!,84,"CUIABÁ, VARZEA e INTERIOR"," 2,600306"," R$  54,61 ",ATENÇÃO,,
,3B,162328,PISTACHE CRU S/CASCA 500G NUANCE,PO,#ERROR!,#ERROR!,"12,00",07/05/2026,#ERROR!,84,"CUIABÁ, VARZEA e INTERIOR"," 97,557512"," R$  1.170,69 ",ATENÇÃO,,0
,3B,91187,"CREAM CHEESE BISNAGA 1,5KG RF PHILADEL N",#N/A,#ERROR!,#ERROR!,"4,00",08/05/2026,#ERROR!,85,"CUIABÁ, VARZEA e INTERIOR", 0, R$  -   ,ATENÇÃO,,
,3B,134952,MAIONESE BD 3KG FRITZ E FRIDA,UN,#ERROR!,#ERROR!,"18,00",08/05/2026,#ERROR!,85,"CUIABÁ, VARZEA e INTERIOR"," 21,532354"," R$  387,58 ",ATENÇÃO,,
,3B,134301,"GERGELIM BRANCO C/CASCA 1,05KG NUANCE",PT,#ERROR!,#ERROR!,"39,00",08/05/2026,#ERROR!,85,"CUIABÁ, VARZEA e INTERIOR"," 12,3039"," R$  479,85 ",ATENÇÃO,,
,3B,134301,"GERGELIM BRANCO C/CASCA 1,05KG NUANCE",PT,#ERROR!,#ERROR!,"44,00",08/05/2026,#ERROR!,85,"CUIABÁ, VARZEA e INTERIOR"," 12,3039"," R$  541,37 ",ATENÇÃO,,
,3B,110482,COCO SECO RALADO MEDIO 5KG NUANCE,UN,#ERROR!,#ERROR!,"3,00",08/05/2026,#ERROR!,85,"CUIABÁ, VARZEA e INTERIOR"," 152,839066"," R$  458,52 ",ATENÇÃO,,
,3B,162339,FRUTAS CRISTALIZADAS 700G NUANCE,PO,#ERROR!,#ERROR!,"12,00",08/05/2026,#ERROR!,85,"CUIABÁ, VARZEA e INTERIOR"," 11,589855"," R$  139,08 ",ATENÇÃO,,
,3B,110482,COCO SECO RALADO MEDIO 5KG NUANCE,UN,#ERROR!,#ERROR!,"3,00",08/05/2026,#ERROR!,85,"CUIABÁ, VARZEA e INTERIOR"," 152,839066"," R$  458,52 ",ATENÇÃO,,
,3B,136531,EMP NUGGETS FGO TRAD PCT 700G CG SADIA,PT,#ERROR!,#ERROR!,"6,00",10/05/2026,#ERROR!,87,"CUIABÁ, VARZEA e INTERIOR"," 10,676964"," R$  64,06 ",ATENÇÃO,,
,3B,136578,QUEIJO MUSSARELA +-4KG RF CHEF&CO,KG,#ERROR!,#ERROR!,"500,42",10/05/2026,#ERROR!,87,"CUIABÁ, VARZEA e INTERIOR"," 21,434284"," R$  10.726,06 ",ATENÇÃO,,
,3B,136578,QUEIJO MUSSARELA +-4KG RF CHEF&CO,KG,#ERROR!,#ERROR!,"1106,35",10/05/2026,#ERROR!,87,"CUIABÁ, VARZEA e INTERIOR"," 21,434284"," R$  23.713,82 ",ATENÇÃO,,
,3B,136578,QUEIJO MUSSARELA +-4KG RF CHEF&CO,KG,#ERROR!,#ERROR!,"1106,35",10/05/2026,#ERROR!,87,"CUIABÁ, VARZEA e INTERIOR"," 21,434284"," R$  23.713,82 ",ATENÇÃO,,
,3B,136578,QUEIJO MUSSARELA +-4KG RF CHEF&CO,KG,#ERROR!,#ERROR!,"1106,35",10/05/2026,#ERROR!,87,"CUIABÁ, VARZEA e INTERIOR"," 21,434284"," R$  23.713,82 ",ATENÇÃO,,
,3B,136578,QUEIJO MUSSARELA +-4KG RF CHEF&CO,KG,#ERROR!,#ERROR!,"1106,35",10/05/2026,#ERROR!,87,"CUIABÁ, VARZEA e INTERIOR"," 21,434284"," R$  23.713,82 ",ATENÇÃO,,
,3B,136578,QUEIJO MUSSARELA +-4KG RF CHEF&CO,KG,#ERROR!,#ERROR!,"1106,35",10/05/2026,#ERROR!,87,"CUIABÁ, VARZEA e INTERIOR"," 21,434284"," R$  23.713,82 ",ATENÇÃO,,
,3B,120758,TEMP PIMENTA REINO BRANCA PO 500G NUANCE,PT,#ERROR!,#ERROR!,"5,00",10/05/2026,#ERROR!,87,"CUIABÁ, VARZEA e INTERIOR"," 17,956546"," R$  89,78 ",ATENÇÃO,,
,3B,93922,DOCE DE LEITE EM PASTA LATA 5K ITAMBE,UN,#ERROR!,#ERROR!,"12,00",10/05/2026,#ERROR!,87,"CUIABÁ, VARZEA e INTERIOR"," 92,3862"," R$  1.108,63 ",ATENÇÃO,,
,3B,93922,DOCE DE LEITE EM PASTA LATA 5K ITAMBE,UN,#ERROR!,#ERROR!,"5,00",10/05/2026,#ERROR!,87,"CUIABÁ, VARZEA e INTERIOR"," 92,3862"," R$  461,93 ",ATENÇÃO,,
,3B,136833,ERVILHA PARTIDA 400G FRITZ E FRIDA,PT,#ERROR!,#ERROR!,"10,00",11/05/2026,#ERROR!,88,"CUIABÁ, VARZEA e INTERIOR"," 2,5632"," R$  25,63 ",ATENÇÃO,,
,3B,4017,SALSICHA HOT DOG PCT 5KG CG REZENDE,KG,#ERROR!,#ERROR!,"5,00",12/05/2026,#ERROR!,89,"CUIABÁ, VARZEA e INTERIOR"," 5,368544"," R$  26,84 ",ATENÇÃO,,
,3B,153286,HAMBURGUER MISTO 36X56G CG SADIA,KG,#ERROR!,#ERROR!,"20,16",12/05/2026,#ERROR!,89,"CUIABÁ, VARZEA e INTERIOR"," 12,789881"," R$  257,84 ",ATENÇÃO,,
,3B,120740,COMINHO PO 500G NUANCE,PT,#ERROR!,#ERROR!,"18,00",12/05/2026,#ERROR!,89,"CUIABÁ, VARZEA e INTERIOR"," 13,821749"," R$  248,79 ",ATENÇÃO,,
,3B,154005,PESC PORCAO SALMAO VACUO 150G CG PESQUAL,UN,#ERROR!,#ERROR!,"33,00",12/05/2026,#ERROR!,89,"CUIABÁ, VARZEA e INTERIOR"," 11,193715"," R$  369,39 ",ATENÇÃO,,
,3B,162297,AMENDOA INTEIRA S/CASCA 500G NUANCE,PO,#ERROR!,#ERROR!,"12,00",12/05/2026,#ERROR!,89,"CUIABÁ, VARZEA e INTERIOR"," 42,706294"," R$  512,48 ",ATENÇÃO,,
,3B,162313,NOZES METADE S/CASCA 150G LIGHT  NUANCE,PO,#ERROR!,#ERROR!,"24,00",12/05/2026,#ERROR!,89,"CUIABÁ, VARZEA e INTERIOR"," 10,816159"," R$  259,59 ",ATENÇÃO,,
,3B,162299,AMENDOA INTEIRA S/CASCA 250G NUANCE,PO,#ERROR!,#ERROR!,12,12/05/2026,#ERROR!,89,"CUIABÁ, VARZEA e INTERIOR"," 21,094067"," R$  253,13 ",ATENÇÃO,,